{"stats":{"minecraft:used":{"minecraft:dirt":2},"minecraft:mined":{"minecraft:short_grass":3,"minecraft:grass_block":3},"minecraft:picked_up":{"minecraft:dirt":3},"minecraft:custom":{"minecraft:jump":9,"minecraft:time_since_rest":3049,"minecraft:sprint_one_cm":4184,"minecraft:leave_game":1,"minecraft:play_time":3049,"minecraft:time_since_death":3049,"minecraft:walk_one_cm":12103,"minecraft:sneak_time":32,"minecraft:total_world_time":3049,"minecraft:fall_one_cm":209,"minecraft:fly_one_cm":866}},"DataVersion":3955}